Title,URL,Scraped_At,Description,Cover_Image_URL,OS_Minimum,CPU_Minimum,RAM_Minimum,GPU_Minimum,Storage_Minimum,OS_Recommended,CPU_Recommended,RAM_Recommended,GPU_Recommended,Storage_Recommended
A Bastard's Tale,https://www.pcgamingwiki.com/wiki/A_Bastard%27s_Tale,2026-05-25T11:20:13.368476,N/A,https://thumbnails.pcgamingwiki.com/7/7d/A_Bastard%27s_Tale_cover.jpg/600px-A_Bastard%27s_Tale_cover.jpg,ME,"SSE2 support, including Intel Pentium 4, Pentium M, Core or Atom, AMD Athlon 64 or later",1 GB,256 MB of VRAM,68 MB,N/A,N/A,N/A,N/A,N/A
A Bewitching Revolution,https://www.pcgamingwiki.com/wiki/A_Bewitching_Revolution,2026-05-25T11:20:17.728742,N/A,https://thumbnails.pcgamingwiki.com/1/15/A_Bewitching_Revolution_cover.jpg/600px-A_Bewitching_Revolution_cover.jpg,7,Intel i5 Quad-Core,4 GB,Intel HD 4000,100 MB,N/A,N/A,N/A,N/A,N/A
A Bird Story,https://www.pcgamingwiki.com/wiki/A_Bird_Story,2026-05-25T11:20:21.994577,A Bird Story is a singleplayer bird's-eye view and scrolling adventure game in the Sigmund Corp. series.,https://thumbnails.pcgamingwiki.com/0/0a/A_Bird_Story_Cover.jpg/600px-A_Bird_Story_Cover.jpg,XP,Intel Pentium III 800 MHz,2 GB,DirectX 9.0 compatible,200 MB,N/A,N/A,N/A,N/A,N/A
A Blind Legend,https://www.pcgamingwiki.com/wiki/A_Blind_Legend,2026-05-25T11:20:28.876430,N/A,https://images.pcgamingwiki.com/8/8a/A_Blind_Legend_cover.jpg,XP SP2,Dual Core,1 GB,DirectX 9.0 compatibleShader model 2.0 support,450 MB,N/A,N/A,N/A,N/A,N/A
A Bloody Night,https://www.pcgamingwiki.com/wiki/A_Bloody_Night,2026-05-25T11:20:34.155525,N/A,https://thumbnails.pcgamingwiki.com/2/23/A_Bloody_Night_cover.jpg/600px-A_Bloody_Night_cover.jpg,7,Intel Core 2 Duo 2.4 GHz,2 GB,512 MB of VRAM,160 MB,N/A,N/A,N/A,N/A,N/A
A Bloody Party,https://www.pcgamingwiki.com/wiki/A_Bloody_Party,2026-05-25T11:20:39.970803,N/A,https://thumbnails.pcgamingwiki.com/7/73/A_Bloody_Party_cover.jpg/600px-A_Bloody_Party_cover.jpg,8,i5+,1 GB,DirectX or OpenGL compatible card,205 MB,N/A,N/A,N/A,N/A,N/A
A Book of Beasts and Buddies,https://www.pcgamingwiki.com/wiki/A_Book_of_Beasts_and_Buddies,2026-05-25T11:20:46.563730,N/A,https://thumbnails.pcgamingwiki.com/a/a9/A_Book_of_Beasts_and_Buddies_cover.jpg/600px-A_Book_of_Beasts_and_Buddies_cover.jpg,7,2.0GHz dualcore,80 MB,DirectX 10 compatible,80 MB,N/A,N/A,N/A,N/A,N/A
A Boy and His Beard,https://www.pcgamingwiki.com/wiki/A_Boy_and_His_Beard,2026-05-25T11:20:52.553324,N/A,https://thumbnails.pcgamingwiki.com/4/47/A_Boy_and_His_Beard_cover.jpg/600px-A_Boy_and_His_Beard_cover.jpg,7,Intel 2 GHz Intel Core 2 DuoAMD Athlon 64 x2 2.4 GHz,3 GB,Nvidia GeForce 7600GTAMD Radeon X1800,N/A,8,N/A,N/A,N/A,N/A
A Boy and His Blob,https://www.pcgamingwiki.com/wiki/A_Boy_and_His_Blob,2026-05-25T11:20:58.662199,A Boy and His Blob is a singleplayer side view platform and puzzle game in the A Boy and His Blob series.,https://thumbnails.pcgamingwiki.com/a/ae/A_Boy_and_His_Blob_-_cover.jpeg/600px-A_Boy_and_His_Blob_-_cover.jpeg,"7, 8",AMD Athlon 64 X2 4600+ 2.4 GHzIntel Pentium D 805 2.66 GHz,1 GB,Nvidia GeForce 9600 GTATI Radeon HD 4650512 MB of VRAMShader model 3.0 support,3 GB,N/A,AMD Athlon 7850 2.8 GHzIntel Core 2 Duo E7500 2.93 GHz,2 GB,N/A,N/A
A Boy and His Blob: Retro Collection,https://www.pcgamingwiki.com/wiki/A_Boy_and_His_Blob:_Retro_Collection,2026-05-25T11:21:04.352468,A Boy and His Blob: Retro Collection is a singleplayer side view and flip screen platform game in the A Boy and His Blob series.,https://images.pcgamingwiki.com/9/90/A_Boy_and_His_Blob_Retro_Collection_cover.jpg,10,Intel Core 2 Duo E7500,6 GB,Nvidia GeForce GTX 750DirectX 11 compatible,151.65 MB,N/A,AMD Phenom II X6 1035T 3.1 GHz,8 GB,Nvidia GeForce GTX 950AMD Radeon HD 7800 series,N/A
A Bug's Life,https://www.pcgamingwiki.com/wiki/A_Bug%27s_Life,2026-05-25T11:21:08.492646,A Bug's Life is a singleplayer third-person platform game in the Pixar series.,https://thumbnails.pcgamingwiki.com/1/1e/A_Bug%27s_Life_Cover.jpg/600px-A_Bug%27s_Life_Cover.jpg,95,Intel Pentium 166 MHz,16 MB,2 MB of VRAM,35 MB,N/A,Intel Pentium 200 MHz,32 MB,4 MB of VRAM,N/A
A Building Full of Cats,https://www.pcgamingwiki.com/wiki/A_Building_Full_of_Cats,2026-05-25T11:21:14.413355,A Building Full of Cats is a singleplayer hidden object game in the Full of Cats series.,https://images.pcgamingwiki.com/8/80/A_Building_Full_of_Cats_cover.jpg,7,N/A,1 GB,512 MB of VRAM,100 MB,N/A,N/A,N/A,N/A,N/A
A Bumpy Ride,https://www.pcgamingwiki.com/wiki/A_Bumpy_Ride,2026-05-25T11:21:19.951313,A Bumpy Ride is a singleplayer game.,https://images.pcgamingwiki.com/b/b4/A_Bumpy_Ride.jpg,"Windows 10, 64-bit","Quad-core Intel or AMD, 2.5 GHz or faster",8 GB,Dedicated GPU capable of running DirectX 12 (Intel integrated graphics not supported),2 GB available space,"Windows 11, 64-bit",AMD Ryzen 5 5600X (or equivalent),8 GB,NVIDIA GeForce RTX 3060 (or equivalent),2 GB available space
A Business Power,https://www.pcgamingwiki.com/wiki/A_Business_Power,2026-05-25T11:21:24.529075,N/A,https://thumbnails.pcgamingwiki.com/7/7f/A_Business_Power_cover.jpg/600px-A_Business_Power_cover.jpg,7,Intel Core i3 2nd GenAMD A4,2048 MB,Intel HD GraphicsNvidia GT730AMD HD 5550,N/A,N/A,Intel Core i3 6th GenAMD A8,4096 MB,Intel HD GraphicsNvidia GT730AMD HD 5550,N/A
A Butterfly in the District of Dreams,https://www.pcgamingwiki.com/wiki/A_Butterfly_in_the_District_of_Dreams,2026-05-25T11:21:29.450419,N/A,https://thumbnails.pcgamingwiki.com/9/91/A_Butterfly_in_the_District_of_Dreams_cover.jpg/600px-A_Butterfly_in_the_District_of_Dreams_cover.jpg,N/A,1.7 GHz Intel or AMD Processor,512 MB,OpenGL or DirectX Compatible Graphics CardDirectX 9.0c compatible,500 MB,N/A,N/A,N/A,N/A,N/A
A Buttload of Free Games,https://www.pcgamingwiki.com/wiki/A_Buttload_of_Free_Games,2026-05-25T11:21:34.103281,"A Buttload of Free Games is a singleplayer and multiplayer action, adventure, RPG, simulation, sports and strategy game.",https://images.pcgamingwiki.com/7/77/A_Buttload_of_Free_Games_cover.jpg,N/A,N/A,4 GB,N/A,20 GB,N/A,N/A,N/A,N/A,N/A
A Case of Distrust,https://www.pcgamingwiki.com/wiki/A_Case_of_Distrust,2026-05-25T11:21:39.099768,A Case of Distrust is a singleplayer first-person and scrolling adventure game.,https://images.pcgamingwiki.com/a/ae/A_Case_of_Distrust_cover.jpg,7,2 GHz,2 GB,Intel HD Graphics,1500 MB,N/A,N/A,N/A,N/A,N/A
A Case of Fraud,https://www.pcgamingwiki.com/wiki/A_Case_of_Fraud,2026-05-25T11:21:44.456528,A Case of Fraud is a singleplayer game.,https://images.pcgamingwiki.com/d/d1/A_Case_of_Fraud_cover.jpg,N/A,N/A,N/A,N/A,N/A,N/A,N/A,N/A,N/A,N/A
A Castle Full of Cats,https://www.pcgamingwiki.com/wiki/A_Castle_Full_of_Cats,2026-05-25T11:21:49.151444,A Castle Full of Cats is a singleplayer hidden object and metroidvania game in the Full of Cats series.,https://images.pcgamingwiki.com/f/ff/A_Castle_Full_of_Cats_cover.jpg,7,N/A,4 GB,Intel HD Graphics 4000OpenGL 3.3 compatible,300 MB,N/A,2.2 GHz Quad Core,8 GB,Nvidia GeForce GTX 1050,N/A
A Cat's Manor,https://www.pcgamingwiki.com/wiki/A_Cat%27s_Manor,2026-05-25T11:21:53.725384,N/A,https://thumbnails.pcgamingwiki.com/2/25/A_Cat%27s_Manor_cover.jpg/600px-A_Cat%27s_Manor_cover.jpg,7,Intel CORE i3,4 GB,Nvidia GeForce 840m,300 MB,N/A,N/A,N/A,N/A,N/A
A Chair in a Room: Greenwater,https://www.pcgamingwiki.com/wiki/A_Chair_in_a_Room:_Greenwater,2026-05-25T11:21:58.581314,N/A,https://thumbnails.pcgamingwiki.com/2/27/A_Chair_in_a_Room_Greenwater_cover.jpg/600px-A_Chair_in_a_Room_Greenwater_cover.jpg,N/A,N/A,N/A,N/A,N/A,N/A,N/A,N/A,N/A,N/A
A Cheesy Game,https://www.pcgamingwiki.com/wiki/A_Cheesy_Game,2026-05-25T11:22:04.599325,N/A,https://thumbnails.pcgamingwiki.com/a/ad/A_Cheesy_Game_cover.jpg/600px-A_Cheesy_Game_cover.jpg,7,Dual Core 2.4Ghz,4 GB,Nvidia GeForce MX150 2GBDirectX 9.0 compatible,350 MB,N/A,N/A,N/A,N/A,N/A
A Christmas Peril,https://www.pcgamingwiki.com/wiki/A_Christmas_Peril,2026-05-25T11:22:09.087321,N/A,https://images.pcgamingwiki.com/5/56/A_Christmas_Peril_cover.jpg,7,Intel Core i3-550 @ 3.0 GHzAMD FX 4100 3.6 GHz,1 GB,Intel HD Graphics 4000Nvidia GeForce GT 240AMD Radeon HD 4670,300 MB,N/A,N/A,N/A,N/A,N/A
A City Sleeps,https://www.pcgamingwiki.com/wiki/A_City_Sleeps,2026-05-25T11:22:14.894822,N/A,https://thumbnails.pcgamingwiki.com/c/cc/A_City_Sleeps_cover.jpg/600px-A_City_Sleeps_cover.jpg,7,Intel Core 2 Duo 3.00 GHz,2 GB,ATI Radeon 2400DirectX 9.0 compatible,N/A,8,N/A,N/A,N/A,N/A
A Clockwork Ley-Line: Daybreak of Remnants Shadow,https://www.pcgamingwiki.com/wiki/A_Clockwork_Ley-Line:_Daybreak_of_Remnants_Shadow,2026-05-25T11:22:19.879198,N/A,https://images.pcgamingwiki.com/5/53/A_Clockwork_Ley-Line_Daybreak_of_Remnants_Shadow_cover.jpg,N/A,N/A,N/A,N/A,N/A,N/A,N/A,N/A,N/A,N/A
A Clockwork Ley-Line: Flowers Falling in the Morning Mist,https://www.pcgamingwiki.com/wiki/A_Clockwork_Ley-Line:_Flowers_Falling_in_the_Morning_Mist,2026-05-25T11:22:25.002447,N/A,https://images.pcgamingwiki.com/f/ff/A_Clockwork_Ley-Line_Flowers_Falling_in_the_Morning_Mist_cover.jpg,N/A,N/A,N/A,N/A,N/A,N/A,N/A,N/A,N/A,N/A
A Clockwork Ley-Line: The Borderline of Dusk,https://www.pcgamingwiki.com/wiki/A_Clockwork_Ley-Line:_The_Borderline_of_Dusk,2026-05-25T11:22:29.830145,N/A,https://thumbnails.pcgamingwiki.com/c/cf/A_Clockwork_Ley-Line_The_Borderline_of_Dusk_cover.jpg/600px-A_Clockwork_Ley-Line_The_Borderline_of_Dusk_cover.jpg,N/A,N/A,N/A,N/A,N/A,N/A,N/A,N/A,N/A,N/A
A Collection of Bad Moments,https://www.pcgamingwiki.com/wiki/A_Collection_of_Bad_Moments,2026-05-25T11:22:36.809830,N/A,https://thumbnails.pcgamingwiki.com/8/89/A_Collection_of_Bad_Moments_cover.jpg/600px-A_Collection_of_Bad_Moments_cover.jpg,7,N/A,4 GB,DirectX 9.0 compatible,2 GB,"8, 10","Quad-core Intel or AMD, 2.5 GHz or faster",8 GB,DirectX 11 compatible,N/A
A Compendium of Ghosts,https://www.pcgamingwiki.com/wiki/A_Compendium_of_Ghosts,2026-05-25T11:22:42.675779,N/A,https://thumbnails.pcgamingwiki.com/b/ba/%EC%8B%A0%EA%B8%B0%EB%A1%9D_A_Compendium_of_Ghosts_cover.jpg/600px-%EC%8B%A0%EA%B8%B0%EB%A1%9D_A_Compendium_of_Ghosts_cover.jpg,XP,2 GHz+,2 GB,128 MB of VRAM,250 MB,"Vista, 7, 8, 10",N/A,3 GB,128 MB of VRAM,N/A
A Dance of Fire and Ice,https://www.pcgamingwiki.com/wiki/A_Dance_of_Fire_and_Ice,2026-05-25T11:22:47.573618,N/A,https://images.pcgamingwiki.com/8/87/A_Dance_of_Fire_and_Ice_cover.jpg,7 or later,N/A,2 GB,Intel Graphics 4000,1.5 GB,N/A,N/A,N/A,N/A,N/A
A Dark World: The Glowing City,https://www.pcgamingwiki.com/wiki/A_Dark_World:_The_Glowing_City,2026-05-25T11:22:52.872104,N/A,https://thumbnails.pcgamingwiki.com/2/21/A_Dark_World_The_Glowing_City_cover.jpg/600px-A_Dark_World_The_Glowing_City_cover.jpg,7,i3 Dual core or better,2 GB,Integrated HDDirectX 9.0 compatible,1 GB,"8, 10",N/A,N/A,N/A,N/A
A Date in the Park,https://www.pcgamingwiki.com/wiki/A_Date_in_the_Park,2026-05-25T11:22:58.337847,N/A,https://images.pcgamingwiki.com/9/90/A_Date_in_the_Park_cover.jpg,7,500 MHz,128 MB,DirectX 9.0 compatible,187 MB,N/A,1 GHz,2 GB,N/A,N/A
A Day for a Kitten,https://www.pcgamingwiki.com/wiki/A_Day_for_a_Kitten,2026-05-25T11:23:03.887750,N/A,https://thumbnails.pcgamingwiki.com/4/4e/A_day_for_a_kitten_cover.jpg/600px-A_day_for_a_kitten_cover.jpg,7,Dual Core,2 GB,Pixelshader 3.0 enabled graphics card(DirectX 10 capable graphics card)DirectX 9.0c compatible,1.5 GB,"8, 10",N/A,N/A,N/A,15 GB
A Day in the Woods,https://www.pcgamingwiki.com/wiki/A_Day_in_the_Woods,2026-05-25T11:23:08.367797,N/A,https://thumbnails.pcgamingwiki.com/b/b3/A_Day_in_the_Woods_cover.jpg/600px-A_Day_in_the_Woods_cover.jpg,N/A,1.2 GHz,1 GB,ATI Radeon X800Nvidia GeForce 6600128 MB of VRAMDirectX 9.0c compatibleShader model 2.0 support,200 MB,N/A,N/A,N/A,N/A,N/A
A Dead World's Dream,https://www.pcgamingwiki.com/wiki/A_Dead_World%27s_Dream,2026-05-25T11:23:14.492621,N/A,https://thumbnails.pcgamingwiki.com/5/50/A_dead_world%27s_dream_cover.jpg/600px-A_dead_world%27s_dream_cover.jpg,8,Intel Core i3,2 GB,N/A,100 MB,N/A,N/A,N/A,N/A,N/A
A Deadly Maze: Phase 1,https://www.pcgamingwiki.com/wiki/A_Deadly_Maze:_Phase_1,2026-05-25T11:23:20.252309,N/A,https://thumbnails.pcgamingwiki.com/d/dd/A_Deadly_Maze_Phase_1_cover.jpg/600px-A_Deadly_Maze_Phase_1_cover.jpg,7,2.0 GHz,512 MB,512 MB VRAM,70 MB,N/A,N/A,N/A,N/A,N/A
A Demon's Game - Episode 1,https://www.pcgamingwiki.com/wiki/A_Demon%27s_Game_-_Episode_1,2026-05-25T11:23:25.285464,N/A,https://thumbnails.pcgamingwiki.com/a/a4/A_Demon%27s_Game_-_Episode_1_cover.jpg/600px-A_Demon%27s_Game_-_Episode_1_cover.jpg,Vista,2.0 GHz dual core,2 GB,IntelNvidiaAMDOpenGL 4.0 compatibleDirectX 11 compatible,4 GB,"7, 8, 8.1, 10",N/A,N/A,N/A,N/A
A Detective's Novel,https://www.pcgamingwiki.com/wiki/A_Detective%27s_Novel,2026-05-25T11:23:30.980841,N/A,https://thumbnails.pcgamingwiki.com/3/30/A_Detective%27s_Novel_cover.jpg/600px-A_Detective%27s_Novel_cover.jpg,N/A,1 GHz,512 MB,DirectX compatible card,180 MB,N/A,N/A,N/A,N/A,N/A
A Difficult Game About Climbing,https://www.pcgamingwiki.com/wiki/A_Difficult_Game_About_Climbing,2026-05-25T11:23:36.089565,A Difficult Game About Climbing is a singleplayer side view and scrolling game.,https://images.pcgamingwiki.com/4/44/A_Difficult_Game_About_Climbing_Steam_Cover.jpg,7 SP1,2 GHz Dual Core,2 GB,Intel HD 4000DirectX 11 compatible,1 GB,10,2.5GHz Dual Core,4 GB,Nvidia GeForce GTX 970AMD Radeon RX 470DirectX 11 compatible,1 GB
A Divided Light,https://www.pcgamingwiki.com/wiki/A_Divided_Light,2026-05-25T11:23:40.968093,N/A,https://thumbnails.pcgamingwiki.com/b/be/A_Divided_Light_cover.jpg/600px-A_Divided_Light_cover.jpg,7,Intel Core 2 DuoAMD Phemon II,4 GB,N/A,250 MB,N/A,N/A,N/A,N/A,N/A
A Dragon Girl Looks Up at the Endless Sky,https://www.pcgamingwiki.com/wiki/A_Dragon_Girl_Looks_Up_at_the_Endless_Sky,2026-05-25T11:23:45.475229,N/A,https://thumbnails.pcgamingwiki.com/b/bb/A_dragon_girl_looks_up_at_the_endless_sky_cover.jpg/600px-A_dragon_girl_looks_up_at_the_endless_sky_cover.jpg,7,Intel Pentium 4,2 GB,64 MB of VRAMDirectX 9.0c compatible,2662 MB,"8, 10",Intel Core 2 Duo or better,4 GB,128 MB of VRAM,3 GB
A Dragon's Tale VR,https://www.pcgamingwiki.com/wiki/A_Dragon%27s_Tale_VR,2026-05-25T11:23:51.277856,N/A,https://thumbnails.pcgamingwiki.com/2/22/A_Dragon%27s_Tale_VR_cover.jpg/600px-A_Dragon%27s_Tale_VR_cover.jpg,7,Intel Core i5-4590 @ 3.3GHz,6 GB,Nvidia GeForce GTX 1050 or equivalent,2 GB,N/A,N/A,N/A,N/A,N/A
A Dream for Aaron,https://www.pcgamingwiki.com/wiki/A_Dream_for_Aaron,2026-05-25T11:23:56.062066,N/A,https://thumbnails.pcgamingwiki.com/b/ba/A_Dream_For_Aaron_cover.jpg/600px-A_Dream_For_Aaron_cover.jpg,XP,Intel Pentium 4 2.0 GHz,2 GB,512 MB of VRAM,1 GB,"Vista, 7",N/A,N/A,N/A,N/A
A Dream of Burning Sand,https://www.pcgamingwiki.com/wiki/A_Dream_of_Burning_Sand,2026-05-25T11:24:01.018025,N/A,https://thumbnails.pcgamingwiki.com/8/81/A_Dream_of_Burning_Sand_cover.jpg/600px-A_Dream_of_Burning_Sand_cover.jpg,N/A,N/A,4 GB,N/A,128 MB,N/A,N/A,N/A,N/A,N/A
A Druid's Duel,https://www.pcgamingwiki.com/wiki/A_Druid%27s_Duel,2026-05-25T11:24:05.291871,N/A,https://thumbnails.pcgamingwiki.com/8/8e/A_Druid%27s_Duel_cover.jpg/600px-A_Druid%27s_Duel_cover.jpg,7,1.4 GHz or faster,1 GB,Any from the last 4 years,1 GB,8,1.6 GHz or faster,N/A,Any from the last 4 years,N/A
A Duel Hand Disaster: Trackher,https://www.pcgamingwiki.com/wiki/A_Duel_Hand_Disaster:_Trackher,2026-05-25T11:24:11.390591,N/A,https://thumbnails.pcgamingwiki.com/3/33/A_Duel_Hand_Disaster_Trackher_cover.jpg/600px-A_Duel_Hand_Disaster_Trackher_cover.jpg,7,Intel Core i5AMD equivalent,2 GB,Intel HD 5000DirectX 9.0 compatible,300 MB,10,Intel Core i7,N/A,Nvidia GeForce GTX 660tiDirectX 11 compatible,N/A
A Dump in the Dark,https://www.pcgamingwiki.com/wiki/A_Dump_in_the_Dark,2026-05-25T11:24:16.357186,N/A,https://thumbnails.pcgamingwiki.com/a/a1/A_Dump_in_the_Dark_cover.jpg/600px-A_Dump_in_the_Dark_cover.jpg,7,2 GHz,8 GB,DirectX 9.0 compatible,5 GB,N/A,3 GHz,16 GB,Nvidia GeForce GTX 780,6 GB
A Fairy Tale,https://www.pcgamingwiki.com/wiki/A_Fairy_Tale,2026-05-25T11:24:20.744377,A Fairy Tale is a singleplayer tile matching game.,https://images.pcgamingwiki.com/c/cf/A_Fairy_Tale_cover.png,N/A,N/A,N/A,N/A,N/A,N/A,N/A,N/A,N/A,N/A
A Familiar Fairytale: Dyslexic Text Based Adventure,https://www.pcgamingwiki.com/wiki/A_Familiar_Fairytale:_Dyslexic_Text_Based_Adventure,2026-05-25T11:24:26.211527,N/A,https://thumbnails.pcgamingwiki.com/4/49/A_Familiar_Fairytale_Dyslexic_Text_Based_Adventure_cover.jpg/600px-A_Familiar_Fairytale_Dyslexic_Text_Based_Adventure_cover.jpg,7,na,N/A,na,N/A,N/A,N/A,N/A,N/A,N/A
A Family of Grave Diggers,https://www.pcgamingwiki.com/wiki/A_Family_of_Grave_Diggers,2026-05-25T11:24:30.729302,N/A,https://thumbnails.pcgamingwiki.com/4/47/A_Family_of_Grave_Diggers_cover.jpg/600px-A_Family_of_Grave_Diggers_cover.jpg,N/A,N/A,256 MB,,128 MB,N/A,N/A,512 MB,Dedicated,N/A
A Farewell to Dragons,https://www.pcgamingwiki.com/wiki/A_Farewell_to_Dragons,2026-05-25T11:24:37.395791,N/A,https://images.pcgamingwiki.com/8/84/A_Farewell_to_Dragons_cover.jpg,2000,1.5 GHz,512 MB,ATI Radeon 9600Nvidia GeForce FX 5700128 MB of VRAMDirectX 9.0c compatible,3 GB,XP,2.4 GHz,1 GB,ATI Radeon 9800Nvidia GeForce FX 6800,N/A
"A Fear of Heights, and Other Things","https://www.pcgamingwiki.com/wiki/A_Fear_of_Heights,_and_Other_Things",2026-05-25T11:24:43.340080,N/A,https://thumbnails.pcgamingwiki.com/e/e3/A_Fear_Of_Heights%2C_And_Other_Things_cover.jpg/600px-A_Fear_Of_Heights%2C_And_Other_Things_cover.jpg,7 SP1,Intel Core i5 4590AMD FX 8350,4 GB,Nvidia GeForce GTX 970AMD Radeon R9 290,900 MB,N/A,N/A,N/A,N/A,N/A
A Feeble Saga: Chapter I,https://www.pcgamingwiki.com/wiki/A_Feeble_Saga:_Chapter_I,2026-05-25T11:24:48.220101,N/A,https://thumbnails.pcgamingwiki.com/5/5d/A_Feeble_Saga_Chapter_I_cover.jpg/600px-A_Feeble_Saga_Chapter_I_cover.jpg,7 SP1,Intel Core i3,6 MB,Any graphics card with SM 4.0DirectX 10 compatible,700 MB,10,Intel Core i7,16 MB,NVIDIA GTX 1060 or betterDirectX 11 compatible,N/A
A Few Quick Matches,https://www.pcgamingwiki.com/wiki/A_Few_Quick_Matches,2026-05-25T11:24:52.417009,A Few Quick Matches is a multiplayer side view action and fighting game.,https://images.pcgamingwiki.com/7/73/A_Few_Quick_Matches_Cover.jpg,7,1.2 GHz,512 MB,32 MB of VRAMDirectX 9.0c compatible,300 MB,N/A,N/A,N/A,N/A,N/A
A Fine Mess,https://www.pcgamingwiki.com/wiki/A_Fine_Mess,2026-05-25T11:24:58.108154,N/A,https://thumbnails.pcgamingwiki.com/9/95/A_Fine_Mess_cover.jpg/600px-A_Fine_Mess_cover.jpg,7,2.4 GHz Dual Core,8 GB,Nvidia GeForce GTX 750AMD Radeon R7 260X1 GB of VRAMDirectX 11 compatible,2 GB,"8, 10",N/A,N/A,N/A,N/A
A Fisherman's Tale,https://www.pcgamingwiki.com/wiki/A_Fisherman%27s_Tale,2026-05-25T11:25:03.329091,"A Fisherman's Tale is a narrative puzzle for VR featuring droste effect as main gameplay mechanic, it was developed by Innerspace VR and published by Vertigo Games. It was released on Steam, Oculus Rift, Viveport and Playstation VR, at January 22th, 2019. November 28th, 2019, game was additionally released for Oculus Quest, with additional updates also provided to all other versions of the game, including support for Valve Index and HTC Vive Cosmos as well as refinements on games mechanics.",https://images.pcgamingwiki.com/4/4b/A_Fisherman%27s_Tale_cover.jpg,"7, 8, 8.1",Intel Core i5-4590AMD FX-8350,4 GB,Nvidia GeForce GTX 970AMD Radeon R9 290,10 GB,10,N/A,N/A,N/A,N/A
A Fisherman's Tale 2,https://www.pcgamingwiki.com/wiki/A_Fisherman%27s_Tale_2,2026-05-25T11:25:08.563369,N/A,N/A,N/A,N/A,N/A,N/A,N/A,N/A,N/A,N/A,N/A,N/A
A Fistful of Gun,https://www.pcgamingwiki.com/wiki/A_Fistful_of_Gun,2026-05-25T11:25:12.862784,N/A,https://thumbnails.pcgamingwiki.com/5/57/A_Fistful_of_Gun_-_Cover.png/600px-A_Fistful_of_Gun_-_Cover.png,XP,1.8 GHz Dual Core,2 GB,DirectX 9.0 compatible,600 MB,N/A,N/A,N/A,N/A,N/A
A five-day tour in the morgue,https://www.pcgamingwiki.com/wiki/A_five-day_tour_in_the_morgue,2026-05-25T11:25:17.683940,N/A,https://thumbnails.pcgamingwiki.com/9/91/A_five-day_tour_in_the_morgue_cover.jpg/600px-A_five-day_tour_in_the_morgue_cover.jpg,7,"ntel i5-4590, AMD FX 8350",4 GB,Nvidia GeForce GTX 970AMD Radeon R9 290,2 GB,"8, 10",N/A,N/A,N/A,N/A
A Flappy Bird in Real Life,https://www.pcgamingwiki.com/wiki/A_Flappy_Bird_in_Real_Life,2026-05-25T11:25:22.993002,N/A,https://thumbnails.pcgamingwiki.com/9/91/A_Flappy_Bird_in_Real_Life_cover.jpg/600px-A_Flappy_Bird_in_Real_Life_cover.jpg,SP3,Intel Core 2 Duo,512 MB,DirectX 9.0c compatible video card 512MBDirectX 9.0 compatible,100 MB,N/A,N/A,N/A,N/A,N/A
A Fold Apart,https://www.pcgamingwiki.com/wiki/A_Fold_Apart,2026-05-25T11:25:27.544277,N/A,https://images.pcgamingwiki.com/d/da/A_Fold_Apart_cover.jpg,10,Intel Core i5-3750,8 GB,Nvidia GeForce GTX 660,10 GB,N/A,N/A,N/A,N/A,N/A
A Foretold Affair,https://www.pcgamingwiki.com/wiki/A_Foretold_Affair,2026-05-25T11:25:33.641709,N/A,https://thumbnails.pcgamingwiki.com/7/76/A_Foretold_Affair_cover.jpg/600px-A_Foretold_Affair_cover.jpg,N/A,1 GHz,800 MB,DirectX or OpenGL compatible card,400 MB,N/A,N/A,N/A,N/A,N/A
A Fork in the Tale,https://www.pcgamingwiki.com/wiki/A_Fork_in_the_Tale,2026-05-25T11:25:38.919663,A Fork in the Tale is a singleplayer third-person adventure game.,https://thumbnails.pcgamingwiki.com/b/bd/A_Fork_in_the_Tale_cover.jpg/600px-A_Fork_in_the_Tale_cover.jpg,95,Intel Pentium,8 MB,1 MB of VRAM,35 MB,N/A,Intel Pentium 90 MHz,16 MB,N/A,N/A
A Front Too Far: Normandy,https://www.pcgamingwiki.com/wiki/A_Front_Too_Far:_Normandy,2026-05-25T11:25:43.860638,N/A,https://images.pcgamingwiki.com/1/15/A_Front_Too_Far_Normandy_cover.jpg,7,Intel Pentium,512 MB,Nvidia gt 730DirectX 9.0 compatible,750 MB,10,Intel i3,1024 MB,Nvidia gtx 1050 tiDirectX 11 compatible,1 GB
A Game About,https://www.pcgamingwiki.com/wiki/A_Game_About,2026-05-25T11:25:48.962454,N/A,https://thumbnails.pcgamingwiki.com/d/d2/A_Game_About_cover.jpg/600px-A_Game_About_cover.jpg,7,N/A,N/A,N/A,1 GB,N/A,N/A,N/A,N/A,N/A
A Game About Digging A Hole,https://www.pcgamingwiki.com/wiki/A_Game_About_Digging_A_Hole,2026-05-25T11:25:53.845987,A Game About Digging A Hole is a singleplayer first-person game.,https://images.pcgamingwiki.com/0/01/A_Game_About_Digging_A_Hole_cover.jpg,10/11,Intel Core i5,8 GB,NVIDIA GTX 770,N/A,N/A,N/A,N/A,N/A,N/A
"A Game For You, Josh","https://www.pcgamingwiki.com/wiki/A_Game_For_You,_Josh",2026-05-25T11:25:58.585020,N/A,https://thumbnails.pcgamingwiki.com/d/dc/A_Game_For_You%2C_Josh_cover.jpg/600px-A_Game_For_You%2C_Josh_cover.jpg,7,1.8 GHz Dual Core,4 GB,Integrated graphics,140 MB,N/A,N/A,N/A,N/A,N/A
A Game of Changes,https://www.pcgamingwiki.com/wiki/A_Game_of_Changes,2026-05-25T11:26:03.307366,N/A,https://thumbnails.pcgamingwiki.com/9/9d/A_Game_of_Changes_cover.jpg/600px-A_Game_of_Changes_cover.jpg,7,Dual-core processor,4 GB,Intel HD4000 or better,80 MB,N/A,2.0 GHz Dual Core,N/A,Dedicated graphics card,N/A
A Game of Dwarves,https://www.pcgamingwiki.com/wiki/A_Game_of_Dwarves,2026-05-25T11:26:09.435666,N/A,https://thumbnails.pcgamingwiki.com/a/a9/A_Game_of_Dwarves_cover.jpg/600px-A_Game_of_Dwarves_cover.jpg,Vista,Dual Core 2.4 GHz,4 GB,Nvidia GeForce 8000AMD Radeon 2000DirectX 10 compatibleShader model 4.0 support,3 GB,7,N/A,N/A,N/A,N/A
A Game of Thrones - Genesis,https://www.pcgamingwiki.com/wiki/A_Game_of_Thrones_-_Genesis,2026-05-25T11:26:14.943886,N/A,https://thumbnails.pcgamingwiki.com/b/bf/A_Game_of_Thrones_-_Genesis_cover.jpg/600px-A_Game_of_Thrones_-_Genesis_cover.jpg,XP SP2,AMD/Intel dual-core 2.2 GHz,1024 MB (XP) / 2048 MB (Vista/7),ATI Radeon X1600 XTIntel HDNvidia GeForce 6600 GT256 MB of VRAMDirectX 9 compatibleShader model 3.0 support,10 GB,"Vista SP1, 7",N/A,N/A,N/A,N/A
A Game of Thrones: The Board Game - Digital Edition,https://www.pcgamingwiki.com/wiki/A_Game_of_Thrones:_The_Board_Game_-_Digital_Edition,2026-05-25T11:26:19.484861,"A Game of Thrones: The Board Game - Digital Edition is a singleplayer and multiplayer bird's-eye view board, strategy and TBS game in the Game of Thrones series.",https://images.pcgamingwiki.com/7/78/A_Game_of_Thrones_The_Board_Game_-_Digital_Edition_cover.jpg,"7, 8.1",Intel Pentium DAMD Athlon 64 X2,2 GB,OpenGL 3 compatibleDirectX 11 compatible,1 GB,10,Intel Core 2 Duo E6600AMD Athlon 64 X2 5000+,4 GB,N/A,N/A
A Gay Love Story About Gay Love,https://www.pcgamingwiki.com/wiki/A_Gay_Love_Story_About_Gay_Love,2026-05-25T11:26:24.456463,A Gay Love Story About Gay Love is a RPG developed by Sigyaad Team.,https://images.pcgamingwiki.com/3/3c/A_Gay_Love_Story_About_Gay_Love_cover.jpg,7,Dual Core,500 MB,Integrated HD graphics,200 MB,N/A,N/A,N/A,N/A,N/A
A Gay's Life,https://www.pcgamingwiki.com/wiki/A_Gay%27s_Life,2026-05-25T11:26:28.899436,N/A,https://thumbnails.pcgamingwiki.com/a/ae/A_Gay%27s_Life_cover.jpg/600px-A_Gay%27s_Life_cover.jpg,XP,N/A,512 MB,512 MB VRAM,N/A,"Vista, 7, 8, 10",2Ghz or faster processor,2048 MB,1 GB VRAM,N/A
A Gentlemanly Adventure,https://www.pcgamingwiki.com/wiki/A_Gentlemanly_Adventure,2026-05-25T11:26:34.483458,N/A,https://thumbnails.pcgamingwiki.com/2/2c/A_Gentlemanly_Adventure_cover.jpg/600px-A_Gentlemanly_Adventure_cover.jpg,7,N/A,500 MB,N/A,500 MB,N/A,N/A,N/A,N/A,N/A
A Ghostly Tale,https://www.pcgamingwiki.com/wiki/A_Ghostly_Tale,2026-05-25T11:26:39.828843,N/A,https://thumbnails.pcgamingwiki.com/a/a1/A_Ghostly_Tale_cover.jpg/600px-A_Ghostly_Tale_cover.jpg,N/A,2.5 GHz,1 GB,DirectX 9.0 compatible,88 MB,N/A,N/A,N/A,N/A,N/A
A Giant Problem,https://www.pcgamingwiki.com/wiki/A_Giant_Problem,2026-05-25T11:26:46.495885,N/A,https://thumbnails.pcgamingwiki.com/0/07/A_Giant_Problem_cover.jpg/600px-A_Giant_Problem_cover.jpg,7 SP1,Intel Core i5-4590AMD FX 8350 equivalent,4 GB,Nvidia GeForce GTX 970AMD Radeon R9 290 equivalent,N/A,8.1,AMD FX 8350 equivalent,N/A,Nvidia GeForce GTX 1060AMD Radeon RX 480 equivalent,N/A
A Girls Fabric Face,https://www.pcgamingwiki.com/wiki/A_Girls_Fabric_Face,2026-05-25T11:26:51.796313,N/A,https://thumbnails.pcgamingwiki.com/9/99/A_Girls_Fabric_Face_cover.jpg/600px-A_Girls_Fabric_Face_cover.jpg,7,Intel Core i5 + anything post 2012 will suffice,4 GB,Anything of fair performance post 2012 should sufficeDirectX 11 compatible,1 GB,N/A,Intel Core i5,4 MB,Anything of fair performance post 2015 should suffice,1 MB
A Glider's Journey,https://www.pcgamingwiki.com/wiki/A_Glider%27s_Journey,2026-05-25T11:26:57.438395,N/A,https://images.pcgamingwiki.com/5/51/A_Glider%27s_Journey_cover.jpg,7,Intel Core i3 2.0 GHz,3 GB,Nvidia GeForce GTX 750DirectX 11 compatible,2 GB,10,Intel Core i3 2.5 GHz,6 GB,Nvidia GeForce GTX 1050 (Mobile),N/A
A God-Like Backhand!,https://www.pcgamingwiki.com/wiki/A_God-Like_Backhand!,2026-05-25T11:27:03.641892,N/A,https://thumbnails.pcgamingwiki.com/9/9d/A_God-Like_Backhand%21_cover.jpg/600px-A_God-Like_Backhand%21_cover.jpg,7,Intel,4 GB,Nvidia GeForce 970DirectX 12 compatible,1 GB,"8, 10",N/A,8 GB,Nvidia GeForce 1080,N/A
A Golden Wake,https://www.pcgamingwiki.com/wiki/A_Golden_Wake,2026-05-25T11:27:08.554803,A Golden Wake is a singleplayer flip screen and side view adventure game.,https://images.pcgamingwiki.com/2/2a/A_Golden_Wake_-_cover.jpg,Me,Intel Pentium 700 MHz,64 MB,DirectX 5.2 compatible,350 MB,N/A,N/A,N/A,N/A,N/A
A Goo Adventure,https://www.pcgamingwiki.com/wiki/A_Goo_Adventure,2026-05-25T11:27:14.429855,N/A,https://thumbnails.pcgamingwiki.com/b/ba/A_Goo_Adventure_cover.jpg/600px-A_Goo_Adventure_cover.jpg,7,Intel Core i3,2 GB,Standard HD graphicsDirectX 9.0 compatible,100 MB,"8, 10",Intel Core i5,4 MB,Nvidia GeForce GTX 260AMD equivalent,250 MB
A Good Snowman Is Hard to Build,https://www.pcgamingwiki.com/wiki/A_Good_Snowman_Is_Hard_to_Build,2026-05-25T11:27:19.675468,N/A,https://images.pcgamingwiki.com/6/69/A_Good_Snowman_Is_Hard_To_Build_cover.jpg,7,N/A,1 GB,N/A,100 MB,N/A,N/A,2 GB,N/A,N/A
A Grande Bagunça Espacial - The Big Space Mess,https://www.pcgamingwiki.com/wiki/A_Grande_Bagun%C3%A7a_Espacial_-_The_Big_Space_Mess,2026-05-25T11:27:25.081585,N/A,https://thumbnails.pcgamingwiki.com/4/45/A_grande_bagun%C3%A7a_espacial_-_The_big_space_mess_cover.jpg/600px-A_grande_bagun%C3%A7a_espacial_-_The_big_space_mess_cover.jpg,7,Support for SSE2 instruction set.,N/A,"In general, any board manufactured from 2004 should workDirectX 9 compatibleShader model 2.0 support",2 GB,N/A,N/A,N/A,N/A,3 GB
A Grim Tale of Vices,https://www.pcgamingwiki.com/wiki/A_Grim_Tale_of_Vices,2026-05-25T11:27:29.972805,N/A,https://thumbnails.pcgamingwiki.com/f/f2/A_Grim_Tale_of_Vices_cover.jpg/600px-A_Grim_Tale_of_Vices_cover.jpg,7 SP1,Intel Core 2 Duo E5200,4 GB,Nvidia GeForce 9300 mGPUDirectX 10 compatible,2 GB,N/A,N/A,N/A,N/A,N/A
A Guidebook of Babel,https://www.pcgamingwiki.com/wiki/A_Guidebook_of_Babel,2026-05-25T11:27:35.997046,A Guidebook of Babel is a singleplayer bird's-eye view adventure game.,https://images.pcgamingwiki.com/e/e6/A_Guidebook_of_Babel_cover.jpg,7,1.6 GHz,4 GB,Intel HD Graphics 520,500 MB,10,Intel Core i7,8 GB,Nvidia GeForce GTX 950AMD Radeon RX 560,N/A
A Gummy's Life,https://www.pcgamingwiki.com/wiki/A_Gummy%27s_Life,2026-05-25T11:27:40.876801,N/A,https://thumbnails.pcgamingwiki.com/2/24/A_Gummy%27s_Life_cover.jpg/600px-A_Gummy%27s_Life_cover.jpg,7,Intel Core i3,2 GB,Nvidia GeForce GTX 740DirectX 11 compatible,1 GB,10,Intel Core i5-6500 3.2 GHz,4 GB,Nvidia GeForce GTX 960,N/A
A Hand in the Darkness,https://www.pcgamingwiki.com/wiki/A_Hand_in_the_Darkness,2026-05-25T11:27:45.392164,N/A,https://thumbnails.pcgamingwiki.com/d/d0/A_Hand_in_the_Darkness_cover.jpg/600px-A_Hand_in_the_Darkness_cover.jpg,XP,1 GHz,512 MB,DirectX Compatible Card,300 MB,Vista,N/A,N/A,N/A,N/A
A Handful of Keflings,https://www.pcgamingwiki.com/wiki/A_Handful_of_Keflings,2026-05-25T11:27:49.830634,N/A,https://thumbnails.pcgamingwiki.com/1/12/A_Handful_of_Keflings_cover.jpg/600px-A_Handful_of_Keflings_cover.jpg,7 SP1,Intel Core i5-4590,8 GB,Nvidia GeForce GTX 970AMD Radeon R9 290,1 GB,N/A,N/A,N/A,N/A,N/A
A Hat in Time,https://www.pcgamingwiki.com/wiki/A_Hat_in_Time,2026-05-25T11:27:53.960132,A Hat in Time is a singleplayer and multiplayer third-person platform game.,https://images.pcgamingwiki.com/0/05/A_Hat_in_Time_cover.png,"XP Professional x64 Edition, Vista",3.0 GHz,4 GB,DirectX 9.0c compatible,8 GB,"7, 8.1, 10",3.5 GHz,8 GB,N/A,N/A
A Haunting: Witching Hour,https://www.pcgamingwiki.com/wiki/A_Haunting:_Witching_Hour,2026-05-25T11:27:59.214982,N/A,https://thumbnails.pcgamingwiki.com/8/80/A_Haunting_-_Witching_Hour_cover.jpg/600px-A_Haunting_-_Witching_Hour_cover.jpg,7 SP1,Intel Core i5 4590AMD FX 8350 or greater,4 GB,Nvidia GeForce GTX 970AMD Radeon R9 290,4 GB,N/A,N/A,N/A,N/A,N/A
A Healer Only Lives Twice,https://www.pcgamingwiki.com/wiki/A_Healer_Only_Lives_Twice,2026-05-25T11:28:05.248229,N/A,https://images.pcgamingwiki.com/9/99/A_Healer_Only_Lives_Twice_cover.jpg,7,N/A,N/A,"Nvidia GeForce 400 series, or newerDirectX 11 compatible",250 MB,"8, 8.1",N/A,N/A,N/A,N/A
A Highland Song,https://www.pcgamingwiki.com/wiki/A_Highland_Song,2026-05-25T11:28:11.267972,A Highland Song is a singleplayer side view platform game.,https://images.pcgamingwiki.com/7/79/AHighlandSong_COVER.jpg,7,SSE2 instruction set support,8 GB,Nvidia Geforce GTX 660AMD Radeon HD 7850,3 GB,N/A,N/A,N/A,N/A,N/A
A Hole New World,https://www.pcgamingwiki.com/wiki/A_Hole_New_World,2026-05-25T11:28:15.782450,N/A,https://thumbnails.pcgamingwiki.com/d/d6/A_Hole_New_World_cover.jpg/600px-A_Hole_New_World_cover.jpg,XP SP3,1.60 GHz Intel Atom,1 GB,OpenGL 3.0 compatible,950 MB,N/A,N/A,N/A,N/A,N/A
A Horde Too Many,https://www.pcgamingwiki.com/wiki/A_Horde_Too_Many,2026-05-25T11:28:21.158350,N/A,https://thumbnails.pcgamingwiki.com/5/5e/A_Horde_Too_Many_cover.jpg/600px-A_Horde_Too_Many_cover.jpg,7 SP1,N/A,4 GB,Nvidia GeForce GTX 960DirectX 10 compatible,1049 MB,10,N/A,8 MB,Nvidia GeForce GTX 1060,N/A
A House of Many Doors,https://www.pcgamingwiki.com/wiki/A_House_of_Many_Doors,2026-05-25T11:28:26.397849,A House of Many Doors is a singleplayer RPG game.,https://images.pcgamingwiki.com/d/d2/A_House_of_Many_Doors_cover.jpg,"XP, Vista, 7, 8, 10",N/A,4 GB,DirectX 9.0 compatible,400 MB,N/A,2 GHz,N/A,512 MB of VRAM,N/A
A Juggler's Tale,https://www.pcgamingwiki.com/wiki/A_Juggler%27s_Tale,2026-05-25T11:28:32.194934,A Juggler's Tale is a singleplayer scrolling and side view adventure game.,https://images.pcgamingwiki.com/1/14/A_Juggler%27s_Tale_-_cover.jpg,7,Intel Core 2 Quad Q6600,4 GB,Nvidia GeForce GTX 660AMD Radeon HD 7870DirectX 11 compatible,3 GB,N/A,Intel Core i5-6600K,8 GB,Nvidia GeForce GTX 980AMD Radeon RX 5300,N/A
A Killer's Sorrow,https://www.pcgamingwiki.com/wiki/A_Killer%27s_Sorrow,2026-05-25T11:28:36.480876,N/A,https://thumbnails.pcgamingwiki.com/3/34/A_Killer%27s_Sorrow_cover.jpg/600px-A_Killer%27s_Sorrow_cover.jpg,XP,3 GHz,2 GB,Nvidia GeForce 8800AMD Radeon HD 5670 or equivalent video card (Dedicated GPU with 512MB or higher Video Memory(VRAM)),512 MB,7,N/A,N/A,Nvidia GeForce GTX 280ATI,N/A
A Kingdom for Keflings,https://www.pcgamingwiki.com/wiki/A_Kingdom_for_Keflings,2026-05-25T11:28:40.766022,N/A,https://images.pcgamingwiki.com/3/3c/A_Kingdom_for_Keflings_cover.jpg,"XP, Vista, 7",800 MHz,256 MB,OpenGL-compatible GPU32 MB of VRAM,N/A,N/A,N/A,N/A,N/A,N/A
A Kingdom of Flesh and Stone,https://www.pcgamingwiki.com/wiki/A_Kingdom_of_Flesh_and_Stone,2026-05-25T11:28:46.708444,N/A,https://thumbnails.pcgamingwiki.com/6/68/A_Kingdom_of_Flesh_and_Stone_cover.jpg/600px-A_Kingdom_of_Flesh_and_Stone_cover.jpg,10,2.4 Ghz quad core or higher,8 GB,2 gig non integrated/onboard video card,6 GB,N/A,3.0 Ghz quad core or higher,16 GB,4 gig non integrated/onboard video card,N/A
A Kiss for the Petals - Maidens of Michael,https://www.pcgamingwiki.com/wiki/A_Kiss_for_the_Petals_-_Maidens_of_Michael,2026-05-25T11:28:52.696320,N/A,https://thumbnails.pcgamingwiki.com/8/82/A_Kiss_For_The_Petals_-_Maidens_of_Michael_cover.jpg/600px-A_Kiss_For_The_Petals_-_Maidens_of_Michael_cover.jpg,7,Intel Pentium III 800.0 MHz,512 MB,DirectX or OpenGLDirectX 9.0 compatible,2 GB,N/A,Intel Pentium 4 1 GHz +,1024 MB,N/A,N/A
